es.ull.simulation.model.flow,RequestResourcesFlow,99,163
es.ull.simulation.model.flow,ProbabilitySelectionFlow,88,64
es.ull.simulation.model.flow,ThreadMergeFlow,85,11
es.ull.simulation.model.flow.adapter,FlowAdapters,84,0
es.ull.simulation.model.flow,ExclusiveChoiceFlow,83,4
es.ull.simulation.model,StandardActivityManagerCreator,8,93
es.ull.simulation.model.flow,StructuredSynchroMergeFlow,8,58
es.ull.simulation.variable,LongVariable,8,68
es.ull.simulation.variable,CharacterVariable,8,77
es.ull.simulation.model.engine,SimulationEngine,76,234
es.ull.simulation.model.flow,AbstractMergeFlow,75,112
es.ull.simulation.inforeceiver,CpuTimeView,75,0
es.ull.simulation.info,ResourceUsageInfo,75,0
es.ull.simulation.model,Resource.CreateResourceEvent,74,101
es.ull.simulation.model.engine,ActivityManagerEngine,72,136
es.ull.simulation.model,Resource.CancelPeriodOffEvent,70,0
es.ull.simulation.model.engine,MergeFlowEngine,7,15
es.ull.simulation.experiment,BaseExperiment,68,70
es.ull.simulation.model,SeizedResourcesCollection,68,317
es.ull.simulation.model.flow,PartialJoinFlow,6,5
es.ull.simulation.condition,ResourceTypeAcquiredCondition,6,9
es.ull.simulation.model,DiscreteEvent.DefaultFinalizeEvent,6,7
es.ull.simulation.model.flow,StaticPartialJoinMultipleInstancesFlow,6,33
es.ull.simulation.model.flow,StructuredLoopFlow,6,19
es.ull.simulation.model,Resource.CancelPeriodOnEvent,57,0
es.ull.simulation.model.engine,ResourceList,55,62
es.ull.simulation.model.engine,RequestResourcesEngine,54,36
es.ull.simulation.model.flow,ForLoopFlow,51,86
es.ull.simulation.model.flow,InterleavedParallelRoutingFlow,51,201
es.ull.simulation.model.flow,ActivityFlow,50,101
